{
    "cpu": {
        "accuracy": {
            "cpu_0": {
                "min": 0.0,
                "max": 100.0,
                "mean": 14.506645827670562,
                "percentile_50": 8.0,
                "percentile_90": 36.072000000000095,
                "percentile_95": 41.41,
                "percentile_97": 50.0,
                "percentile_99": 100.0,
                "percentile_99_9": 100.0
            },
            "cpu_1": {
                "min": 0.0,
                "max": 100.0,
                "mean": 15.195952704539279,
                "percentile_50": 9.09,
                "percentile_90": 36.63,
                "percentile_95": 41.0,
                "percentile_97": 52.53,
                "percentile_99": 100.0,
                "percentile_99_9": 100.0
            },
            "cpu_2": {
                "min": 0.0,
                "max": 100.0,
                "mean": 25.81385702636586,
                "percentile_50": 13.0,
                "percentile_90": 99.0,
                "percentile_95": 100.0,
                "percentile_97": 100.0,
                "percentile_99": 100.0,
                "percentile_99_9": 100.0
            },
            "cpu_3": {
                "min": 0.0,
                "max": 100.0,
                "mean": 22.811084533840717,
                "percentile_50": 16.83,
                "percentile_90": 42.0,
                "percentile_95": 99.01,
                "percentile_97": 100.0,
                "percentile_99": 100.0,
                "percentile_99_9": 100.0
            },
            "cpu_4": {
                "min": 0.0,
                "max": 100.0,
                "mean": 17.106403914107094,
                "percentile_50": 14.0,
                "percentile_90": 37.37,
                "percentile_95": 40.59,
                "percentile_97": 45.97279999999999,
                "percentile_99": 99.0,
                "percentile_99_9": 100.0
            },
            "cpu_5": {
                "min": 0.0,
                "max": 100.0,
                "mean": 14.489728187007339,
                "percentile_50": 8.08,
                "percentile_90": 35.71,
                "percentile_95": 41.01799999999999,
                "percentile_97": 61.54179999999997,
                "percentile_99": 100.0,
                "percentile_99_9": 100.0
            },
            "cpu_6": {
                "min": 0.0,
                "max": 100.0,
                "mean": 23.949540636042403,
                "percentile_50": 13.13,
                "percentile_90": 99.0,
                "percentile_95": 100.0,
                "percentile_97": 100.0,
                "percentile_99": 100.0,
                "percentile_99_9": 100.0
            },
            "cpu_7": {
                "min": 0.0,
                "max": 100.0,
                "mean": 18.104661592824137,
                "percentile_50": 9.9,
                "percentile_90": 38.78,
                "percentile_95": 99.0,
                "percentile_97": 100.0,
                "percentile_99": 100.0,
                "percentile_99_9": 100.0
            },
            "cpu_all": {
                "min": 2.0,
                "max": 41.66,
                "mean": 19.021049198151672,
                "percentile_50": 12.5,
                "percentile_90": 31.66,
                "percentile_95": 33.08,
                "percentile_97": 33.9464,
                "percentile_99": 35.86759999999998,
                "percentile_99_9": 39.395760000000045
            }
        },
        "performance": {
            "cpu_0": {
                "min": 0.0,
                "max": 100.0,
                "mean": 21.890806317539486,
                "percentile_50": 13.2,
                "percentile_90": 51.260000000000005,
                "percentile_95": 99.01,
                "percentile_97": 100.0,
                "percentile_99": 100.0,
                "percentile_99_9": 100.0
            },
            "cpu_1": {
                "min": 0.0,
                "max": 100.0,
                "mean": 25.304650872817955,
                "percentile_50": 16.16,
                "percentile_90": 98.99,
                "percentile_95": 99.01,
                "percentile_97": 100.0,
                "percentile_99": 100.0,
                "percentile_99_9": 100.0
            },
            "cpu_2": {
                "min": 0.0,
                "max": 100.0,
                "mean": 21.70736076475478,
                "percentile_50": 18.0,
                "percentile_90": 40.0,
                "percentile_95": 55.775,
                "percentile_97": 99.0,
                "percentile_99": 100.0,
                "percentile_99_9": 100.0
            },
            "cpu_3": {
                "min": 0.0,
                "max": 100.0,
                "mean": 27.63044472152951,
                "percentile_50": 19.0,
                "percentile_90": 99.0,
                "percentile_95": 100.0,
                "percentile_97": 100.0,
                "percentile_99": 100.0,
                "percentile_99_9": 100.0
            },
            "cpu_4": {
                "min": 0.0,
                "max": 100.0,
                "mean": 24.674854530340813,
                "percentile_50": 18.0,
                "percentile_90": 48.0,
                "percentile_95": 99.01,
                "percentile_97": 100.0,
                "percentile_99": 100.0,
                "percentile_99_9": 100.0
            },
            "cpu_5": {
                "min": 0.0,
                "max": 100.0,
                "mean": 18.796487946799665,
                "percentile_50": 15.15,
                "percentile_90": 37.62,
                "percentile_95": 46.0,
                "percentile_97": 78.39999999999964,
                "percentile_99": 100.0,
                "percentile_99_9": 100.0
            },
            "cpu_6": {
                "min": 0.0,
                "max": 100.0,
                "mean": 27.81642560266002,
                "percentile_50": 19.19,
                "percentile_90": 99.0,
                "percentile_95": 100.0,
                "percentile_97": 100.0,
                "percentile_99": 100.0,
                "percentile_99_9": 100.0
            },
            "cpu_7": {
                "min": 0.0,
                "max": 100.0,
                "mean": 25.912630922693268,
                "percentile_50": 19.39,
                "percentile_90": 92.65,
                "percentile_95": 100.0,
                "percentile_97": 100.0,
                "percentile_99": 100.0,
                "percentile_99_9": 100.0
            },
            "cpu_all": {
                "min": 1.88,
                "max": 43.89,
                "mean": 24.248379052369078,
                "percentile_50": 27.85,
                "percentile_90": 32.83,
                "percentile_95": 34.34,
                "percentile_97": 35.55,
                "percentile_99": 37.60749999999999,
                "percentile_99_9": 41.3501500000001
            }
        }
    },
    "gpu": {
        "accuracy": {
            "GPU usage (%)": {
                "min": 0.0,
                "max": 100.0,
                "mean": 96.5471595542267,
                "percentile_50": 99.0,
                "percentile_90": 100.0,
                "percentile_95": 100.0,
                "percentile_97": 100.0,
                "percentile_99": 100.0,
                "percentile_99_9": 100.0
            },
            "GPU memory usage (%)": {
                "min": 2.0,
                "max": 26.0,
                "mean": 24.55748844794781,
                "percentile_50": 25.0,
                "percentile_90": 25.0,
                "percentile_95": 25.0,
                "percentile_97": 25.0,
                "percentile_99": 25.0,
                "percentile_99_9": 25.0
            },
            "GPU memory used (MiB)": {
                "min": 222.0,
                "max": 3459.0,
                "mean": 2916.3201957053548,