{
    "cpu": {
        "accuracy": {
            "cpu_0": {
                "min": 0.0,
                "max": 100.0,
                "mean": 19.15700824175824,
                "percentile_50": 16.16,
                "percentile_90": 37.62,
                "percentile_95": 40.59,
                "percentile_97": 46.53,
                "percentile_99": 99.01,
                "percentile_99_9": 100.0
            },
            "cpu_1": {
                "min": 0.0,
                "max": 100.0,
                "mean": 19.956403846153844,
                "percentile_50": 14.0,
                "percentile_90": 39.0,
                "percentile_95": 98.99,
                "percentile_97": 100.0,
                "percentile_99": 100.0,
                "percentile_99_9": 100.0
            },
            "cpu_2": {
                "min": 0.0,
                "max": 100.0,
                "mean": 25.17378846153846,
                "percentile_50": 15.15,
                "percentile_90": 98.99,
                "percentile_95": 100.0,
                "percentile_97": 100.0,
                "percentile_99": 100.0,
                "percentile_99_9": 100.0
            },
            "cpu_3": {
                "min": 0.0,
                "max": 100.0,
                "mean": 18.938052197802197,
                "percentile_50": 12.0,
                "percentile_90": 39.39,
                "percentile_95": 98.99,
                "percentile_97": 99.0,
                "percentile_99": 100.0,
                "percentile_99_9": 100.0
            },
            "cpu_4": {
                "min": 0.0,
                "max": 100.0,
                "mean": 13.58393956043956,
                "percentile_50": 8.08,
                "percentile_90": 34.0,
                "percentile_95": 40.4,
                "percentile_97": 49.4983,
                "percentile_99": 99.0161,
                "percentile_99_9": 100.0
            },
            "cpu_5": {
                "min": 0.0,
                "max": 100.0,
                "mean": 11.997239010989011,
                "percentile_50": 6.0,
                "percentile_90": 33.33,
                "percentile_95": 38.38,
                "percentile_97": 42.92689999999997,
                "percentile_99": 52.833800000000075,
                "percentile_99_9": 100.0
            },
            "cpu_6": {
                "min": 0.0,
                "max": 100.0,
                "mean": 13.281478021978023,
                "percentile_50": 8.0,
                "percentile_90": 35.0,
                "percentile_95": 38.0,
                "percentile_97": 41.41,
                "percentile_99": 62.660000000000764,
                "percentile_99_9": 100.0
            },
            "cpu_7": {
                "min": 0.0,
                "max": 100.0,
                "mean": 30.520535714285714,
                "percentile_50": 17.17,
                "percentile_90": 99.01,
                "percentile_95": 100.0,
                "percentile_97": 100.0,
                "percentile_99": 100.0,
                "percentile_99_9": 100.0
            },
            "cpu_all": {
                "min": 3.38,
                "max": 41.99,
                "mean": 19.097579670329672,
                "percentile_50": 12.67,
                "percentile_90": 31.663999999999998,
                "percentile_95": 33.46199999999999,
                "percentile_97": 34.5,
                "percentile_99": 36.36270000000001,
                "percentile_99_9": 40.91357000000012
            }
        },
        "performance": {
            "cpu_0": {
                "min": 0.0,
                "max": 100.0,
                "mean": 19.1371189279732,
                "percentile_50": 12.305,
                "percentile_90": 40.59,
                "percentile_95": 98.99,
                "percentile_97": 99.01,
                "percentile_99": 100.0,
                "percentile_99_9": 100.0
            },
            "cpu_1": {
                "min": 0.0,
                "max": 100.0,
                "mean": 30.424815745393637,
                "percentile_50": 16.08,
                "percentile_90": 99.01,
                "percentile_95": 100.0,
                "percentile_97": 100.0,
                "percentile_99": 100.0,
                "percentile_99_9": 100.0
            },
            "cpu_2": {
                "min": 0.0,
                "max": 100.0,
                "mean": 16.759154103852598,
                "percentile_50": 12.87,
                "percentile_90": 36.0,
                "percentile_95": 44.401500000000006,
                "percentile_97": 53.10329999999981,
                "percentile_99": 99.01,
                "percentile_99_9": 100.0
            },
            "cpu_3": {
                "min": 0.0,
                "max": 100.0,
                "mean": 30.578479899497488,
                "percentile_50": 20.0,
                "percentile_90": 99.0,
                "percentile_95": 100.0,
                "percentile_97": 100.0,
                "percentile_99": 100.0,
                "percentile_99_9": 100.0
            },
            "cpu_4": {
                "min": 0.0,
                "max": 99.0,
                "mean": 20.423890284757118,
                "percentile_50": 20.1,
                "percentile_90": 37.37,
                "percentile_95": 41.0,
                "percentile_97": 45.0,
                "percentile_99": 52.0052,
                "percentile_99_9": 92.41330000000117
            },
            "cpu_5": {
                "min": 0.0,
                "max": 100.0,
                "mean": 25.19897403685092,
                "percentile_50": 21.43,
                "percentile_90": 40.87400000000003,
                "percentile_95": 98.65750000000008,
                "percentile_97": 99.01,
                "percentile_99": 100.0,
                "percentile_99_9": 100.0
            },
            "cpu_6": {
                "min": 0.0,
                "max": 100.0,
                "mean": 29.136951423785593,
                "percentile_50": 18.37,
                "percentile_90": 99.0,
                "percentile_95": 100.0,
                "percentile_97": 100.0,
                "percentile_99": 100.0,
                "percentile_99_9": 100.0
            },
            "cpu_7": {
                "min": 0.0,
                "max": 100.0,
                "mean": 20.387093802345056,
                "percentile_50": 14.0,
                "percentile_90": 41.0,
                "percentile_95": 98.99,
                "percentile_97": 99.0,
                "percentile_99": 100.0,
                "percentile_99_9": 100.0
            },
            "cpu_all": {
                "min": 3.0,
                "max": 42.88,
                "mean": 24.031344221105527,
                "percentile_50": 27.62,
                "percentile_90": 32.67,
                "percentile_95": 34.0865,
                "percentile_97": 35.05949999999999,
                "percentile_99": 37.1265,
                "percentile_99_9": 40.91278000000059
            }
        }
    },
    "gpu": {
        "accuracy": {
            "GPU usage (%)": {
                "min": 0.0,
                "max": 100.0,
                "mean": 96.36813186813187,
                "percentile_50": 99.0,
                "percentile_90": 100.0,
                "percentile_95": 100.0,
                "percentile_97": 100.0,
                "percentile_99": 100.0,
                "percentile_99_9": 100.0
            },
            "GPU memory usage (%)": {
                "min": 2.0,
                "max": 26.0,
                "mean": 24.570604395604395,
                "percentile_50": 25.0,
                "percentile_90": 25.0,
                "percentile_95": 25.0,
                "percentile_97": 26.0,
                "percentile_99": 26.0,
                "percentile_99_9": 26.0
            },
            "GPU memory used (MiB)": {
                "min": 218.0,