{
    "cpu": {
        "accuracy": {
            "cpu_0": {
                "min": 0.0,
                "max": 100.0,
                "mean": 18.919099917423615,
                "percentile_50": 14.0,
                "percentile_90": 38.0,
                "percentile_95": 48.68799999999981,
                "percentile_97": 99.0,
                "percentile_99": 100.0,
                "percentile_99_9": 100.0
            },
            "cpu_1": {
                "min": 0.0,
                "max": 100.0,
                "mean": 17.490077071290944,
                "percentile_50": 11.88,
                "percentile_90": 37.37,
                "percentile_95": 70.19999999999709,
                "percentile_97": 99.0,
                "percentile_99": 100.0,
                "percentile_99_9": 100.0
            },
            "cpu_2": {
                "min": 0.0,
                "max": 100.0,
                "mean": 21.517902559867878,
                "percentile_50": 12.87,
                "percentile_90": 46.906000000000084,
                "percentile_95": 99.01,
                "percentile_97": 100.0,
                "percentile_99": 100.0,
                "percentile_99_9": 100.0
            },
            "cpu_3": {
                "min": 0.0,
                "max": 100.0,
                "mean": 21.376922653454447,
                "percentile_50": 11.22,
                "percentile_90": 65.72600000000057,
                "percentile_95": 99.0,
                "percentile_97": 100.0,
                "percentile_99": 100.0,
                "percentile_99_9": 100.0
            },
            "cpu_4": {
                "min": 0.0,
                "max": 100.0,
                "mean": 19.707296999724747,
                "percentile_50": 14.14,
                "percentile_90": 38.61,
                "percentile_95": 64.23799999999953,
                "percentile_97": 99.01,
                "percentile_99": 100.0,
                "percentile_99_9": 100.0
            },
            "cpu_5": {
                "min": 0.0,
                "max": 100.0,
                "mean": 16.172122213047068,
                "percentile_50": 12.0,
                "percentile_90": 36.63,
                "percentile_95": 40.59,
                "percentile_97": 51.4912,
                "percentile_99": 99.68319999999984,
                "percentile_99_9": 100.0
            },
            "cpu_6": {
                "min": 0.0,
                "max": 100.0,
                "mean": 17.14166804293972,
                "percentile_50": 10.1,
                "percentile_90": 37.95200000000004,
                "percentile_95": 98.02,
                "percentile_97": 99.01,
                "percentile_99": 100.0,
                "percentile_99_9": 100.0
            },
            "cpu_7": {
                "min": 0.0,
                "max": 100.0,
                "mean": 21.41611890999174,
                "percentile_50": 12.75,
                "percentile_90": 46.988000000000014,
                "percentile_95": 99.01,
                "percentile_97": 100.0,
                "percentile_99": 100.0,
                "percentile_99_9": 100.0
            },
            "cpu_all": {
                "min": 2.13,
                "max": 43.65,
                "mean": 19.235948252133223,
                "percentile_50": 12.66,
                "percentile_90": 32.08,
                "percentile_95": 33.71,
                "percentile_97": 34.8912,
                "percentile_99": 37.138799999999975,
                "percentile_99_9": 42.00784000000005
            }
        },
        "performance": {
            "cpu_0": {
                "min": 0.0,
                "max": 100.0,
                "mean": 19.103562736047,
                "percentile_50": 15.0,
                "percentile_90": 38.38,
                "percentile_95": 48.0,
                "percentile_97": 98.99,
                "percentile_99": 100.0,
                "percentile_99_9": 100.0
            },
            "cpu_1": {
                "min": 0.0,
                "max": 100.0,
                "mean": 20.56798992866135,
                "percentile_50": 15.84,
                "percentile_90": 41.0,
                "percentile_95": 72.35700000000034,
                "percentile_97": 99.0,
                "percentile_99": 100.0,
                "percentile_99_9": 100.0
            },
            "cpu_2": {
                "min": 0.0,
                "max": 100.0,
                "mean": 24.90100293747377,
                "percentile_50": 20.2,
                "percentile_90": 43.0,
                "percentile_95": 99.0,
                "percentile_97": 100.0,
                "percentile_99": 100.0,
                "percentile_99_9": 100.0
            },
            "cpu_3": {
                "min": 0.0,
                "max": 100.0,
                "mean": 24.70519932857742,
                "percentile_50": 19.39,
                "percentile_90": 44.52800000000002,
                "percentile_95": 99.0,
                "percentile_97": 99.01,
                "percentile_99": 100.0,
                "percentile_99_9": 100.0
            },
            "cpu_4": {
                "min": 0.0,
                "max": 100.0,
                "mean": 21.408006714225767,
                "percentile_50": 15.69,
                "percentile_90": 41.54600000000003,
                "percentile_95": 98.0,
                "percentile_97": 99.00540000000001,
                "percentile_99": 100.0,
                "percentile_99_9": 100.0
            },
            "cpu_5": {
                "min": 0.0,
                "max": 100.0,
                "mean": 25.215761644985314,
                "percentile_50": 17.0,
                "percentile_90": 98.02,
                "percentile_95": 99.01,
                "percentile_97": 100.0,
                "percentile_99": 100.0,
                "percentile_99_9": 100.0
            },
            "cpu_6": {
                "min": 0.0,
                "max": 100.0,
                "mean": 27.099085186739405,
                "percentile_50": 16.16,
                "percentile_90": 99.0,
                "percentile_95": 100.0,
                "percentile_97": 100.0,
                "percentile_99": 100.0,
                "percentile_99_9": 100.0
            },
            "cpu_7": {
                "min": 0.0,
                "max": 100.0,
                "mean": 31.054238355014686,
                "percentile_50": 18.18,
                "percentile_90": 99.01,
                "percentile_95": 100.0,
                "percentile_97": 100.0,
                "percentile_99": 100.0,
                "percentile_99_9": 100.0
            },
            "cpu_all": {
                "min": 2.39,
                "max": 42.95,
                "mean": 24.28012589173311,
                "percentile_50": 27.89,
                "percentile_90": 33.12,
                "percentile_95": 34.8,
                "percentile_97": 35.63,
                "percentile_99": 37.61,
                "percentile_99_9": 41.82236000000001
            }
        }
    },
    "gpu": {
        "accuracy": {
            "GPU usage (%)": {
                "min": 0.0,
                "max": 100.0,
                "mean": 96.51114781172585,
                "percentile_50": 99.0,
                "percentile_90": 100.0,
                "percentile_95": 100.0,
                "percentile_97": 100.0,
                "percentile_99": 100.0,
                "percentile_99_9": 100.0
            },
            "GPU memory usage (%)": {
                "min": 2.0,
                "max": 26.0,
                "mean": 24.596476740985413,
                "percentile_50": 25.0,
                "percentile_90": 25.0,
                "percentile_95": 25.0,
                "percentile_97": 26.0,
                "percentile_99": 26.0,
                "percentile_99_9": 26.0
            },
            "GPU memory used (MiB)": {
                "min": 218.0,