{
    "cpu": {
        "accuracy": {
            "cpu_0": {
                "min": 0.0,
                "max": 100.0,
                "mean": 13.312343406593406,
                "percentile_50": 10.1,
                "percentile_90": 33.33,
                "percentile_95": 38.38,
                "percentile_97": 42.0,
                "percentile_99": 53.51270000000001,
                "percentile_99_9": 100.0
            },
            "cpu_1": {
                "min": 0.0,
                "max": 100.0,
                "mean": 18.061112637362637,
                "percentile_50": 10.1,
                "percentile_90": 40.0,
                "percentile_95": 99.0,
                "percentile_97": 100.0,
                "percentile_99": 100.0,
                "percentile_99_9": 100.0
            },
            "cpu_2": {
                "min": 0.0,
                "max": 100.0,
                "mean": 14.443662087912088,
                "percentile_50": 7.0,
                "percentile_90": 35.0,
                "percentile_95": 45.0,
                "percentile_97": 98.82849999999993,
                "percentile_99": 100.0,
                "percentile_99_9": 100.0
            },
            "cpu_3": {
                "min": 0.0,
                "max": 100.0,
                "mean": 16.02757692307692,
                "percentile_50": 7.07,
                "percentile_90": 37.62,
                "percentile_95": 97.98,
                "percentile_97": 99.0,
                "percentile_99": 100.0,
                "percentile_99_9": 100.0
            },
            "cpu_4": {
                "min": 0.0,
                "max": 100.0,
                "mean": 14.873604395604396,
                "percentile_50": 10.0,
                "percentile_90": 36.63,
                "percentile_95": 40.0,
                "percentile_97": 45.31579999999998,
                "percentile_99": 98.99,
                "percentile_99_9": 100.0
            },
            "cpu_5": {
                "min": 0.0,
                "max": 100.0,
                "mean": 32.37786538461538,
                "percentile_50": 21.43,
                "percentile_90": 99.01,
                "percentile_95": 100.0,
                "percentile_97": 100.0,
                "percentile_99": 100.0,
                "percentile_99_9": 100.0
            },
            "cpu_6": {
                "min": 0.0,
                "max": 100.0,
                "mean": 21.26786813186813,
                "percentile_50": 18.595,
                "percentile_90": 38.61,
                "percentile_95": 51.02449999999987,
                "percentile_97": 99.0,
                "percentile_99": 100.0,
                "percentile_99_9": 100.0
            },
            "cpu_7": {
                "min": 0.0,
                "max": 100.0,
                "mean": 21.737214285714288,
                "percentile_50": 16.0,
                "percentile_90": 40.4,
                "percentile_95": 99.0,
                "percentile_97": 99.01,
                "percentile_99": 100.0,
                "percentile_99_9": 100.0
            },
            "cpu_all": {
                "min": 2.51,
                "max": 42.7,
                "mean": 19.035670329670328,
                "percentile_50": 12.61,
                "percentile_90": 31.453999999999997,
                "percentile_95": 32.96,
                "percentile_97": 34.28489999999999,
                "percentile_99": 36.38710000000001,
                "percentile_99_9": 39.589920000000234
            }
        },
        "performance": {
            "cpu_0": {
                "min": 0.0,
                "max": 100.0,
                "mean": 16.041421383647798,
                "percentile_50": 13.27,
                "percentile_90": 35.0,
                "percentile_95": 41.0,
                "percentile_97": 45.45,
                "percentile_99": 61.840799999999795,
                "percentile_99_9": 100.0
            },
            "cpu_1": {
                "min": 0.0,
                "max": 100.0,
                "mean": 18.42254926624738,
                "percentile_50": 14.14,
                "percentile_90": 38.0,
                "percentile_95": 46.85799999999988,
                "percentile_97": 97.06,
                "percentile_99": 100.0,
                "percentile_99_9": 100.0
            },
            "cpu_2": {
                "min": 0.0,
                "max": 100.0,
                "mean": 20.036389937106918,
                "percentile_50": 18.0,
                "percentile_90": 38.0,
                "percentile_95": 42.0,
                "percentile_97": 47.72440000000001,
                "percentile_99": 87.91999999999825,
                "percentile_99_9": 100.0
            },
            "cpu_3": {
                "min": 0.0,
                "max": 98.02,
                "mean": 17.47498532494759,
                "percentile_50": 15.69,
                "percentile_90": 36.0,
                "percentile_95": 39.75999999999994,
                "percentile_97": 42.57,
                "percentile_99": 52.48799999999999,
                "percentile_99_9": 82.47200000000748
            },
            "cpu_4": {
                "min": 0.0,
                "max": 100.0,
                "mean": 43.279832285115305,
                "percentile_50": 25.25,
                "percentile_90": 100.0,
                "percentile_95": 100.0,
                "percentile_97": 100.0,
                "percentile_99": 100.0,
                "percentile_99_9": 100.0
            },
            "cpu_5": {
                "min": 0.0,
                "max": 100.0,
                "mean": 20.495765199161426,
                "percentile_50": 16.0,
                "percentile_90": 40.0,
                "percentile_95": 57.79999999999973,
                "percentile_97": 99.0,
                "percentile_99": 100.0,
                "percentile_99_9": 100.0
            },
            "cpu_6": {
                "min": 0.0,
                "max": 100.0,
                "mean": 27.31526205450734,
                "percentile_50": 18.81,
                "percentile_90": 98.99,
                "percentile_95": 100.0,
                "percentile_97": 100.0,
                "percentile_99": 100.0,
                "percentile_99_9": 100.0
            },
            "cpu_7": {
                "min": 0.0,
                "max": 100.0,
                "mean": 31.62203354297694,
                "percentile_50": 21.43,
                "percentile_90": 99.01,
                "percentile_95": 100.0,
                "percentile_97": 100.0,
                "percentile_99": 100.0,
                "percentile_99_9": 100.0
            },
            "cpu_all": {
                "min": 2.75,
                "max": 42.77,
                "mean": 24.36096855345912,
                "percentile_50": 28.02,
                "percentile_90": 33.17,
                "percentile_95": 34.61399999999999,
                "percentile_97": 35.5688,
                "percentile_99": 37.9432,
                "percentile_99_9": 40.561200000000305
            }
        }
    },
    "gpu": {
        "accuracy": {
            "GPU usage (%)": {
                "min": 0.0,
                "max": 100.0,
                "mean": 96.36905743336081,
                "percentile_50": 99.0,
                "percentile_90": 100.0,
                "percentile_95": 100.0,
                "percentile_97": 100.0,
                "percentile_99": 100.0,
                "percentile_99_9": 100.0
            },
            "GPU memory usage (%)": {
                "min": 2.0,
                "max": 26.0,
                "mean": 24.55097554273152,
                "percentile_50": 25.0,
                "percentile_90": 25.0,
                "percentile_95": 25.0,
                "percentile_97": 25.0,
                "percentile_99": 26.0,
                "percentile_99_9": 26.0
            },