{
    "cpu": {
        "accuracy": {
            "cpu_0": {
                "min": 0.0,
                "max": 100.0,
                "mean": 21.827275975810885,
                "percentile_50": 12.12,
                "percentile_90": 57.88300000000018,
                "percentile_95": 99.01,
                "percentile_97": 100.0,
                "percentile_99": 100.0,
                "percentile_99_9": 100.0
            },
            "cpu_1": {
                "min": 0.0,
                "max": 100.0,
                "mean": 14.658661352391423,
                "percentile_50": 9.18,
                "percentile_90": 36.36,
                "percentile_95": 40.02999999999993,
                "percentile_97": 46.94829999999994,
                "percentile_99": 99.01,
                "percentile_99_9": 100.0
            },
            "cpu_2": {
                "min": 0.0,
                "max": 100.0,
                "mean": 29.795426058273776,
                "percentile_50": 12.12,
                "percentile_90": 99.01,
                "percentile_95": 100.0,
                "percentile_97": 100.0,
                "percentile_99": 100.0,
                "percentile_99_9": 100.0
            },
            "cpu_3": {
                "min": 0.0,
                "max": 100.0,
                "mean": 18.260904343045627,
                "percentile_50": 15.15,
                "percentile_90": 37.62,
                "percentile_95": 40.59,
                "percentile_97": 45.41149999999996,
                "percentile_99": 98.99,
                "percentile_99_9": 100.0
            },
            "cpu_4": {
                "min": 0.0,
                "max": 100.0,
                "mean": 18.929741616272675,
                "percentile_50": 14.14,
                "percentile_90": 38.38,
                "percentile_95": 47.59199999999983,
                "percentile_97": 99.0,
                "percentile_99": 100.0,
                "percentile_99_9": 100.0
            },
            "cpu_5": {
                "min": 0.0,
                "max": 100.0,
                "mean": 14.910208905992302,
                "percentile_50": 8.25,
                "percentile_90": 35.797000000000054,
                "percentile_95": 43.51549999999979,
                "percentile_97": 98.04,
                "percentile_99": 100.0,
                "percentile_99_9": 100.0
            },
            "cpu_6": {
                "min": 0.0,
                "max": 100.0,
                "mean": 15.130437053326004,
                "percentile_50": 10.31,
                "percentile_90": 36.0,
                "percentile_95": 40.0,
                "percentile_97": 48.51,
                "percentile_99": 99.01,
                "percentile_99_9": 100.0
            },
            "cpu_7": {
                "min": 0.0,
                "max": 100.0,
                "mean": 19.435761407366687,
                "percentile_50": 13.0,
                "percentile_90": 39.0,
                "percentile_95": 98.99,
                "percentile_97": 99.01,
                "percentile_99": 100.0,
                "percentile_99_9": 100.0
            },
            "cpu_all": {
                "min": 4.64,
                "max": 44.03,
                "mean": 19.14130291368884,
                "percentile_50": 12.64,
                "percentile_90": 31.743000000000002,
                "percentile_95": 33.17,
                "percentile_97": 34.3,
                "percentile_99": 36.274100000000004,
                "percentile_99_9": 41.36089000000001
            }
        },
        "performance": {
            "cpu_0": {
                "min": 0.0,
                "max": 100.0,
                "mean": 19.77440251572327,
                "percentile_50": 17.17,
                "percentile_90": 37.37,
                "percentile_95": 43.40399999999996,
                "percentile_97": 52.793600000000026,
                "percentile_99": 100.0,
                "percentile_99_9": 100.0
            },
            "cpu_1": {
                "min": 0.0,
                "max": 100.0,
                "mean": 16.837262054507338,
                "percentile_50": 15.15,
                "percentile_90": 35.0,
                "percentile_95": 38.38,
                "percentile_97": 41.58,
                "percentile_99": 48.51,
                "percentile_99_9": 94.54400000000396
            },
            "cpu_2": {
                "min": 0.0,
                "max": 100.0,
                "mean": 17.810779874213836,
                "percentile_50": 13.86,
                "percentile_90": 36.0,
                "percentile_95": 44.9,
                "percentile_97": 97.48600000000002,
                "percentile_99": 100.0,
                "percentile_99_9": 100.0
            },
            "cpu_3": {
                "min": 0.0,
                "max": 100.0,
                "mean": 27.627769392033542,
                "percentile_50": 15.15,
                "percentile_90": 99.0,
                "percentile_95": 100.0,
                "percentile_97": 100.0,
                "percentile_99": 100.0,
                "percentile_99_9": 100.0
            },
            "cpu_4": {
                "min": 0.0,
                "max": 100.0,
                "mean": 38.14891823899371,
                "percentile_50": 22.0,
                "percentile_90": 100.0,
                "percentile_95": 100.0,
                "percentile_97": 100.0,
                "percentile_99": 100.0,
                "percentile_99_9": 100.0
            },
            "cpu_5": {
                "min": 0.0,
                "max": 63.37,
                "mean": 16.19897693920335,
                "percentile_50": 14.14,
                "percentile_90": 35.35,
                "percentile_95": 40.77399999999994,
                "percentile_97": 43.88,
                "percentile_99": 49.07839999999993,
                "percentile_99_9": 56.44
            },
            "cpu_6": {
                "min": 0.0,
                "max": 100.0,
                "mean": 31.818846960167715,
                "percentile_50": 22.45,
                "percentile_90": 99.0,
                "percentile_95": 100.0,
                "percentile_97": 100.0,
                "percentile_99": 100.0,
                "percentile_99_9": 100.0
            },
            "cpu_7": {
                "min": 0.0,
                "max": 100.0,
                "mean": 24.012348008385743,
                "percentile_50": 18.18,
                "percentile_90": 43.17999999999997,
                "percentile_95": 99.0,
                "percentile_97": 99.01,
                "percentile_99": 100.0,
                "percentile_99_9": 100.0
            },
            "cpu_all": {
                "min": 2.38,
                "max": 45.5,
                "mean": 24.055006289308178,
                "percentile_50": 27.55,
                "percentile_90": 32.81399999999999,
                "percentile_95": 34.28399999999999,
                "percentile_97": 35.29,
                "percentile_99": 37.251599999999996,
                "percentile_99_9": 40.015360000000534
            }
        }
    },
    "gpu": {
        "accuracy": {
            "GPU usage (%)": {
                "min": 0.0,
                "max": 100.0,
                "mean": 96.36338647608576,
                "percentile_50": 99.0,
                "percentile_90": 100.0,
                "percentile_95": 100.0,
                "percentile_97": 100.0,
                "percentile_99": 100.0,
                "percentile_99_9": 100.0
            },
            "GPU memory usage (%)": {
                "min": 2.0,
                "max": 26.0,
                "mean": 24.553326003298515,
                "percentile_50": 25.0,
                "percentile_90": 25.0,
                "percentile_95": 25.0,
                "percentile_97": 25.0,
                "percentile_99": 26.0,
                "percentile_99_9": 26.0
            },