{
    "cpu": {
        "accuracy": {
            "cpu_0": {
                "min": 0.0,
                "max": 100.0,
                "mean": 16.244517531938026,
                "percentile_50": 13.0,
                "percentile_90": 37.0,
                "percentile_95": 39.39,
                "percentile_97": 43.88,
                "percentile_99": 94.92679999999922,
                "percentile_99_9": 100.0
            },
            "cpu_1": {
                "min": 0.0,
                "max": 100.0,
                "mean": 14.835824952432727,
                "percentile_50": 11.0,
                "percentile_90": 36.0,
                "percentile_95": 39.39,
                "percentile_97": 43.88,
                "percentile_99": 99.0,
                "percentile_99_9": 100.0
            },
            "cpu_2": {
                "min": 0.0,
                "max": 100.0,
                "mean": 21.214213101386246,
                "percentile_50": 13.13,
                "percentile_90": 40.4,
                "percentile_95": 99.0,
                "percentile_97": 100.0,
                "percentile_99": 100.0,
                "percentile_99_9": 100.0
            },
            "cpu_3": {
                "min": 0.0,
                "max": 100.0,
                "mean": 19.808926338678987,
                "percentile_50": 13.0,
                "percentile_90": 39.39,
                "percentile_95": 99.0,
                "percentile_97": 99.01,
                "percentile_99": 100.0,
                "percentile_99_9": 100.0
            },
            "cpu_4": {
                "min": 0.0,
                "max": 100.0,
                "mean": 16.081356346833378,
                "percentile_50": 6.06,
                "percentile_90": 38.0,
                "percentile_95": 99.0,
                "percentile_97": 100.0,
                "percentile_99": 100.0,
                "percentile_99_9": 100.0
            },
            "cpu_5": {
                "min": 0.0,
                "max": 100.0,
                "mean": 20.34907855395488,
                "percentile_50": 8.0,
                "percentile_90": 98.02,
                "percentile_95": 100.0,
                "percentile_97": 100.0,
                "percentile_99": 100.0,
                "percentile_99_9": 100.0
            },
            "cpu_6": {
                "min": 0.0,
                "max": 100.0,
                "mean": 26.71229410165806,
                "percentile_50": 18.37,
                "percentile_90": 99.0,
                "percentile_95": 100.0,
                "percentile_97": 100.0,
                "percentile_99": 100.0,
                "percentile_99_9": 100.0
            },
            "cpu_7": {
                "min": 0.0,
                "max": 100.0,
                "mean": 17.775767871704268,
                "percentile_50": 13.0,
                "percentile_90": 37.62,
                "percentile_95": 47.47,
                "percentile_97": 99.0,
                "percentile_99": 100.0,
                "percentile_99_9": 100.0
            },
            "cpu_all": {
                "min": 2.38,
                "max": 42.79,
                "mean": 19.153085077466702,
                "percentile_50": 12.66,
                "percentile_90": 31.862000000000002,
                "percentile_95": 33.58,
                "percentile_97": 34.63,
                "percentile_99": 36.445399999999985,
                "percentile_99_9": 40.04186000000008
            }
        },
        "performance": {
            "cpu_0": {
                "min": 0.0,
                "max": 100.0,
                "mean": 19.408624272651704,
                "percentile_50": 16.33,
                "percentile_90": 37.62,
                "percentile_95": 45.0,
                "percentile_97": 57.91449999999995,
                "percentile_99": 100.0,
                "percentile_99_9": 100.0
            },
            "cpu_1": {
                "min": 0.0,
                "max": 100.0,
                "mean": 19.698329177057357,
                "percentile_50": 15.0,
                "percentile_90": 39.9,
                "percentile_95": 55.075,
                "percentile_97": 99.0,
                "percentile_99": 100.0,
                "percentile_99_9": 100.0
            },
            "cpu_2": {
                "min": 0.0,
                "max": 100.0,
                "mean": 32.43252701579385,
                "percentile_50": 22.22,
                "percentile_90": 99.01,
                "percentile_95": 100.0,
                "percentile_97": 100.0,
                "percentile_99": 100.0,
                "percentile_99_9": 100.0
            },
            "cpu_3": {
                "min": 0.0,
                "max": 100.0,
                "mean": 24.55171238570241,
                "percentile_50": 19.0,
                "percentile_90": 45.45,
                "percentile_95": 99.0,
                "percentile_97": 100.0,
                "percentile_99": 100.0,
                "percentile_99_9": 100.0
            },
            "cpu_4": {
                "min": 0.0,
                "max": 100.0,
                "mean": 20.672098919368246,
                "percentile_50": 15.0,
                "percentile_90": 41.0,
                "percentile_95": 98.99,
                "percentile_97": 100.0,
                "percentile_99": 100.0,
                "percentile_99_9": 100.0
            },
            "cpu_5": {
                "min": 0.0,
                "max": 100.0,
                "mean": 28.73293433083957,
                "percentile_50": 18.18,
                "percentile_90": 99.0,
                "percentile_95": 100.0,
                "percentile_97": 100.0,
                "percentile_99": 100.0,
                "percentile_99_9": 100.0
            },
            "cpu_6": {
                "min": 0.0,
                "max": 100.0,
                "mean": 16.09919783873649,
                "percentile_50": 14.0,
                "percentile_90": 34.69,
                "percentile_95": 39.39,
                "percentile_97": 43.83199999999997,
                "percentile_99": 53.94999999999982,
                "percentile_99_9": 100.0
            },
            "cpu_7": {
                "min": 0.0,
                "max": 100.0,
                "mean": 33.23283458021613,
                "percentile_50": 21.0,
                "percentile_90": 99.01,
                "percentile_95": 100.0,
                "percentile_97": 100.0,
                "percentile_99": 100.0,
                "percentile_99_9": 100.0
            },
            "cpu_all": {
                "min": 2.76,
                "max": 48.5,
                "mean": 24.384509559434747,
                "percentile_50": 27.92,
                "percentile_90": 33.0,
                "percentile_95": 34.7825,
                "percentile_97": 35.8885,
                "percentile_99": 39.36849999999999,
                "percentile_99_9": 46.19400000000081
            }
        }
    },
    "gpu": {
        "accuracy": {
            "GPU usage (%)": {
                "min": 0.0,
                "max": 100.0,
                "mean": 96.51549755301795,
                "percentile_50": 99.0,
                "percentile_90": 100.0,
                "percentile_95": 100.0,
                "percentile_97": 100.0,
                "percentile_99": 100.0,
                "percentile_99_9": 100.0
            },
            "GPU memory usage (%)": {
                "min": 2.0,
                "max": 26.0,
                "mean": 24.557640021750952,
                "percentile_50": 25.0,
                "percentile_90": 25.0,
                "percentile_95": 25.0,
                "percentile_97": 25.0,
                "percentile_99": 25.0,
                "percentile_99_9": 25.0
            },
            "GPU memory used (MiB)": {
                "min": 222.0,
                "max": 3440.0,
                "mean": 2907.122620989668,