{
    "cpu": {
        "accuracy": {
            "cpu_0": {
                "min": 0.0,
                "max": 100.0,
                "mean": 17.123826086956523,
                "percentile_50": 15.15,
                "percentile_90": 37.0,
                "percentile_95": 39.39,
                "percentile_97": 42.0,
                "percentile_99": 53.160800000000016,
                "percentile_99_9": 100.0
            },
            "cpu_1": {
                "min": 0.0,
                "max": 100.0,
                "mean": 22.82782608695652,
                "percentile_50": 15.0,
                "percentile_90": 47.0,
                "percentile_95": 99.0005,
                "percentile_97": 100.0,
                "percentile_99": 100.0,
                "percentile_99_9": 100.0
            },
            "cpu_2": {
                "min": 0.0,
                "max": 100.0,
                "mean": 18.96598913043478,
                "percentile_50": 12.12,
                "percentile_90": 38.61,
                "percentile_95": 98.99,
                "percentile_97": 99.01,
                "percentile_99": 100.0,
                "percentile_99_9": 100.0
            },
            "cpu_3": {
                "min": 0.0,
                "max": 100.0,
                "mean": 19.255554347826088,
                "percentile_50": 14.14,
                "percentile_90": 38.38,
                "percentile_95": 48.0,
                "percentile_97": 99.0,
                "percentile_99": 100.0,
                "percentile_99_9": 100.0
            },
            "cpu_4": {
                "min": 0.0,
                "max": 100.0,
                "mean": 29.59168206521739,
                "percentile_50": 17.17,
                "percentile_90": 99.01,
                "percentile_95": 100.0,
                "percentile_97": 100.0,
                "percentile_99": 100.0,
                "percentile_99_9": 100.0
            },
            "cpu_5": {
                "min": 0.0,
                "max": 100.0,
                "mean": 12.355910326086956,
                "percentile_50": 7.14,
                "percentile_90": 32.35299999999997,
                "percentile_95": 38.0,
                "percentile_97": 42.264600000000044,
                "percentile_99": 55.89180000000006,
                "percentile_99_9": 100.0
            },
            "cpu_6": {
                "min": 0.0,
                "max": 100.0,
                "mean": 13.764673913043477,
                "percentile_50": 3.96,
                "percentile_90": 34.69,
                "percentile_95": 46.942999999999984,
                "percentile_97": 99.0,
                "percentile_99": 100.0,
                "percentile_99_9": 100.0
            },
            "cpu_7": {
                "min": 0.0,
                "max": 100.0,
                "mean": 19.305304347826088,
                "percentile_50": 10.1,
                "percentile_90": 41.41,
                "percentile_95": 99.0,
                "percentile_97": 100.0,
                "percentile_99": 100.0,
                "percentile_99_9": 100.0
            },
            "cpu_all": {
                "min": 3.52,
                "max": 45.81,
                "mean": 19.173788043478257,
                "percentile_50": 12.65,
                "percentile_90": 31.962999999999997,
                "percentile_95": 33.5,
                "percentile_97": 34.565200000000004,
                "percentile_99": 36.5921,
                "percentile_99_9": 41.55420000000007
            }
        },
        "performance": {
            "cpu_0": {
                "min": 0.0,
                "max": 100.0,
                "mean": 15.675881130507065,
                "percentile_50": 12.87,
                "percentile_90": 35.0,
                "percentile_95": 41.41,
                "percentile_97": 48.40799999999995,
                "percentile_99": 71.76749999999916,
                "percentile_99_9": 100.0
            },
            "cpu_1": {
                "min": 0.0,
                "max": 100.0,
                "mean": 20.359866999168744,
                "percentile_50": 18.0,
                "percentile_90": 38.495000000000005,
                "percentile_95": 44.0,
                "percentile_97": 51.44199999999996,
                "percentile_99": 99.01,
                "percentile_99_9": 100.0
            },
            "cpu_2": {
                "min": 0.0,
                "max": 100.0,
                "mean": 24.0874646716542,
                "percentile_50": 23.35,
                "percentile_90": 39.0,
                "percentile_95": 43.43,
                "percentile_97": 49.4985,
                "percentile_99": 99.01,
                "percentile_99_9": 100.0
            },
            "cpu_3": {
                "min": 0.0,
                "max": 100.0,
                "mean": 37.285004156275974,
                "percentile_50": 25.0,
                "percentile_90": 100.0,
                "percentile_95": 100.0,
                "percentile_97": 100.0,
                "percentile_99": 100.0,
                "percentile_99_9": 100.0
            },
            "cpu_4": {
                "min": 0.0,
                "max": 100.0,
                "mean": 16.652622610141314,
                "percentile_50": 13.13,
                "percentile_90": 36.0,
                "percentile_95": 43.0,
                "percentile_97": 48.51,
                "percentile_99": 99.0,
                "percentile_99_9": 100.0
            },
            "cpu_5": {
                "min": 0.0,
                "max": 100.0,
                "mean": 22.028316708229426,
                "percentile_50": 14.0,
                "percentile_90": 48.239999999999995,
                "percentile_95": 99.01,
                "percentile_97": 100.0,
                "percentile_99": 100.0,
                "percentile_99_9": 100.0
            },
            "cpu_6": {
                "min": 0.0,
                "max": 100.0,
                "mean": 23.726030756442228,
                "percentile_50": 14.85,
                "percentile_90": 98.02,
                "percentile_95": 100.0,
                "percentile_97": 100.0,
                "percentile_99": 100.0,
                "percentile_99_9": 100.0
            },
            "cpu_7": {
                "min": 0.0,
                "max": 100.0,
                "mean": 34.30858270989194,
                "percentile_50": 19.19,
                "percentile_90": 100.0,
                "percentile_95": 100.0,
                "percentile_97": 100.0,
                "percentile_99": 100.0,
                "percentile_99_9": 100.0
            },
            "cpu_all": {
                "min": 3.24,
                "max": 41.36,
                "mean": 24.298524522028263,
                "percentile_50": 27.92,
                "percentile_90": 33.12,
                "percentile_95": 34.46,
                "percentile_97": 35.5585,
                "percentile_99": 37.34,
                "percentile_99_9": 40.94775000000011
            }
        }
    },
    "gpu": {
        "accuracy": {
            "GPU usage (%)": {
                "min": 0.0,
                "max": 100.0,
                "mean": 96.54471323729274,
                "percentile_50": 99.0,
                "percentile_90": 100.0,
                "percentile_95": 100.0,
                "percentile_97": 100.0,
                "percentile_99": 100.0,
                "percentile_99_9": 100.0
            },
            "GPU memory usage (%)": {
                "min": 2.0,
                "max": 26.0,
                "mean": 24.555857569991847,
                "percentile_50": 25.0,
                "percentile_90": 25.0,
                "percentile_95": 25.0,
                "percentile_97": 25.0,
                "percentile_99": 25.0,
                "percentile_99_9": 25.0
            },
            "GPU memory used (MiB)": {
                "min": 222.0,