{
    "cpu": {
        "accuracy": {
            "cpu_0": {
                "min": 0.0,
                "max": 100.0,
                "mean": 15.428442511552051,
                "percentile_50": 8.0,
                "percentile_90": 37.37,
                "percentile_95": 50.501,
                "percentile_97": 99.0,
                "percentile_99": 100.0,
                "percentile_99_9": 100.0
            },
            "cpu_1": {
                "min": 0.0,
                "max": 100.0,
                "mean": 18.105857569991844,
                "percentile_50": 8.0,
                "percentile_90": 42.08400000000012,
                "percentile_95": 99.0,
                "percentile_97": 100.0,
                "percentile_99": 100.0,
                "percentile_99_9": 100.0
            },
            "cpu_2": {
                "min": 0.0,
                "max": 100.0,
                "mean": 13.186909486273443,
                "percentile_50": 3.03,
                "percentile_90": 34.34,
                "percentile_95": 43.59199999999997,
                "percentile_97": 98.0,
                "percentile_99": 100.0,
                "percentile_99_9": 100.0
            },
            "cpu_3": {
                "min": 0.0,
                "max": 100.0,
                "mean": 19.89982332155477,
                "percentile_50": 8.16,
                "percentile_90": 47.0,
                "percentile_95": 99.01,
                "percentile_97": 100.0,
                "percentile_99": 100.0,
                "percentile_99_9": 100.0
            },
            "cpu_4": {
                "min": 0.0,
                "max": 100.0,
                "mean": 22.99089698287578,
                "percentile_50": 17.17,
                "percentile_90": 41.41,
                "percentile_95": 99.0,
                "percentile_97": 100.0,
                "percentile_99": 100.0,
                "percentile_99_9": 100.0
            },
            "cpu_5": {
                "min": 0.0,
                "max": 100.0,
                "mean": 26.424517531938026,
                "percentile_50": 22.45,
                "percentile_90": 48.486000000000004,
                "percentile_95": 99.01,
                "percentile_97": 100.0,
                "percentile_99": 100.0,
                "percentile_99_9": 100.0
            },
            "cpu_6": {
                "min": 0.0,
                "max": 100.0,
                "mean": 17.377518347377006,
                "percentile_50": 14.85,
                "percentile_90": 36.36,
                "percentile_95": 39.0,
                "percentile_97": 42.57,
                "percentile_99": 91.8423999999984,
                "percentile_99_9": 100.0
            },
            "cpu_7": {
                "min": 0.0,
                "max": 100.0,
                "mean": 20.048567545528673,
                "percentile_50": 13.0,
                "percentile_90": 40.63600000000007,
                "percentile_95": 99.0,
                "percentile_97": 100.0,
                "percentile_99": 100.0,
                "percentile_99_9": 100.0
            },
            "cpu_all": {
                "min": 3.38,
                "max": 41.3,
                "mean": 19.208208752378365,
                "percentile_50": 12.62,
                "percentile_90": 32.04,
                "percentile_95": 33.71,
                "percentile_97": 34.806599999999996,
                "percentile_99": 36.94099999999999,
                "percentile_99_9": 39.76016000000016
            }
        },
        "performance": {
            "cpu_0": {
                "min": 0.0,
                "max": 100.0,
                "mean": 15.681350789692436,
                "percentile_50": 13.27,
                "percentile_90": 34.34,
                "percentile_95": 39.75,
                "percentile_97": 43.91449999999995,
                "percentile_99": 56.872999999999536,
                "percentile_99_9": 100.0
            },
            "cpu_1": {
                "min": 0.0,
                "max": 100.0,
                "mean": 15.374750623441397,
                "percentile_50": 13.13,
                "percentile_90": 35.0,
                "percentile_95": 39.6,
                "percentile_97": 43.54049999999999,
                "percentile_99": 51.49499999999991,
                "percentile_99_9": 99.59095000000025
            },
            "cpu_2": {
                "min": 0.0,
                "max": 100.0,
                "mean": 26.879916874480465,
                "percentile_50": 17.35,
                "percentile_90": 99.0,
                "percentile_95": 100.0,
                "percentile_97": 100.0,
                "percentile_99": 100.0,
                "percentile_99_9": 100.0
            },
            "cpu_3": {
                "min": 0.0,
                "max": 100.0,
                "mean": 24.661978387364922,
                "percentile_50": 19.8,
                "percentile_90": 43.0,
                "percentile_95": 99.0,
                "percentile_97": 100.0,
                "percentile_99": 100.0,
                "percentile_99_9": 100.0
            },
            "cpu_4": {
                "min": 0.0,
                "max": 100.0,
                "mean": 28.417219451371572,
                "percentile_50": 22.45,
                "percentile_90": 98.03,
                "percentile_95": 100.0,
                "percentile_97": 100.0,
                "percentile_99": 100.0,
                "percentile_99_9": 100.0
            },
            "cpu_5": {
                "min": 0.0,
                "max": 100.0,
                "mean": 26.237950955943475,
                "percentile_50": 18.5,
                "percentile_90": 97.045,
                "percentile_95": 100.0,
                "percentile_97": 100.0,
                "percentile_99": 100.0,
                "percentile_99_9": 100.0
            },
            "cpu_6": {
                "min": 0.0,
                "max": 100.0,
                "mean": 25.997410640066498,
                "percentile_50": 16.0,
                "percentile_90": 99.0,
                "percentile_95": 100.0,
                "percentile_97": 100.0,
                "percentile_99": 100.0,
                "percentile_99_9": 100.0
            },
            "cpu_7": {
                "min": 0.0,
                "max": 100.0,
                "mean": 30.235403158769746,
                "percentile_50": 18.18,
                "percentile_90": 99.01,
                "percentile_95": 100.0,
                "percentile_97": 100.0,
                "percentile_99": 100.0,
                "percentile_99_9": 100.0
            },
            "cpu_all": {
                "min": 2.5,
                "max": 43.86,
                "mean": 24.216346633416457,
                "percentile_50": 27.78,
                "percentile_90": 32.66,
                "percentile_95": 34.17,
                "percentile_97": 35.09,
                "percentile_99": 37.82699999999999,
                "percentile_99_9": 42.79
            }
        }
    },
    "gpu": {
        "accuracy": {
            "GPU usage (%)": {
                "min": 0.0,
                "max": 100.0,
                "mean": 96.49850502854036,
                "percentile_50": 99.0,
                "percentile_90": 100.0,
                "percentile_95": 100.0,
                "percentile_97": 100.0,
                "percentile_99": 100.0,
                "percentile_99_9": 100.0
            },
            "GPU memory usage (%)": {
                "min": 2.0,
                "max": 26.0,
                "mean": 24.550149497145963,
                "percentile_50": 25.0,
                "percentile_90": 25.0,
                "percentile_95": 25.0,
                "percentile_97": 25.0,
                "percentile_99": 25.0,
                "percentile_99_9": 25.0
            },
            "GPU memory used (MiB)": {
                "min": 222.0,