{
    "cpu": {
        "accuracy": {
            "cpu_0": {
                "min": 0.0,
                "max": 100.0,
                "mean": 20.345596481583286,
                "percentile_50": 14.0,
                "percentile_90": 40.0,
                "percentile_95": 98.99149999999999,
                "percentile_97": 99.01,
                "percentile_99": 100.0,
                "percentile_99_9": 100.0
            },
            "cpu_1": {
                "min": 0.0,
                "max": 100.0,
                "mean": 21.640621220450797,
                "percentile_50": 12.0,
                "percentile_90": 77.23400000000014,
                "percentile_95": 99.01,
                "percentile_97": 100.0,
                "percentile_99": 100.0,
                "percentile_99_9": 100.0
            },
            "cpu_2": {
                "min": 0.0,
                "max": 100.0,
                "mean": 13.873194062671798,
                "percentile_50": 9.54,
                "percentile_90": 35.0,
                "percentile_95": 39.0,
                "percentile_97": 45.338899999999875,
                "percentile_99": 98.0126,
                "percentile_99_9": 100.0
            },
            "cpu_3": {
                "min": 0.0,
                "max": 100.0,
                "mean": 21.082633315008245,
                "percentile_50": 13.0,
                "percentile_90": 42.04800000000003,
                "percentile_95": 99.0,
                "percentile_97": 100.0,
                "percentile_99": 100.0,
                "percentile_99_9": 100.0
            },
            "cpu_4": {
                "min": 0.0,
                "max": 100.0,
                "mean": 17.38073391973612,
                "percentile_50": 12.0,
                "percentile_90": 37.62,
                "percentile_95": 50.0,
                "percentile_97": 99.0,
                "percentile_99": 100.0,
                "percentile_99_9": 100.0
            },
            "cpu_5": {
                "min": 0.0,
                "max": 100.0,
                "mean": 12.896272677295217,
                "percentile_50": 7.07,
                "percentile_90": 33.33,
                "percentile_95": 39.02699999999994,
                "percentile_97": 44.86149999999996,
                "percentile_99": 100.0,
                "percentile_99_9": 100.0
            },
            "cpu_6": {
                "min": 0.0,
                "max": 100.0,
                "mean": 22.747633315008247,
                "percentile_50": 12.87,
                "percentile_90": 89.2230000000002,
                "percentile_95": 99.01,
                "percentile_97": 100.0,
                "percentile_99": 100.0,
                "percentile_99_9": 100.0
            },
            "cpu_7": {
                "min": 0.0,
                "max": 100.0,
                "mean": 23.520412314458493,
                "percentile_50": 17.0,
                "percentile_90": 45.45,
                "percentile_95": 99.01,
                "percentile_97": 100.0,
                "percentile_99": 100.0,
                "percentile_99_9": 100.0
            },
            "cpu_all": {
                "min": 2.38,
                "max": 46.82,
                "mean": 19.203499175371082,
                "percentile_50": 12.61,
                "percentile_90": 31.973000000000003,
                "percentile_95": 33.58,
                "percentile_97": 34.88,
                "percentile_99": 36.58520000000001,
                "percentile_99_9": 39.872600000000055
            }
        },
        "performance": {
            "cpu_0": {
                "min": 0.0,
                "max": 100.0,
                "mean": 19.321633081444162,
                "percentile_50": 15.0,
                "percentile_90": 38.38,
                "percentile_95": 53.0,
                "percentile_97": 99.0,
                "percentile_99": 100.0,
                "percentile_99_9": 100.0
            },
            "cpu_1": {
                "min": 0.0,
                "max": 100.0,
                "mean": 22.121230058774138,
                "percentile_50": 16.0,
                "percentile_90": 44.0,
                "percentile_95": 99.0,
                "percentile_97": 100.0,
                "percentile_99": 100.0,
                "percentile_99_9": 100.0
            },
            "cpu_2": {
                "min": 0.0,
                "max": 100.0,
                "mean": 21.66359781696054,
                "percentile_50": 20.0,
                "percentile_90": 38.38,
                "percentile_95": 42.845499999999944,
                "percentile_97": 48.4971,
                "percentile_99": 99.0,
                "percentile_99_9": 100.0
            },
            "cpu_3": {
                "min": 0.0,
                "max": 100.0,
                "mean": 27.144794290512174,
                "percentile_50": 21.21,
                "percentile_90": 53.0,
                "percentile_95": 99.0,
                "percentile_97": 100.0,
                "percentile_99": 100.0,
                "percentile_99_9": 100.0
            },
            "cpu_4": {
                "min": 0.0,
                "max": 100.0,
                "mean": 25.3918094038623,
                "percentile_50": 15.495000000000001,
                "percentile_90": 99.0,
                "percentile_95": 100.0,
                "percentile_97": 100.0,
                "percentile_99": 100.0,
                "percentile_99_9": 100.0
            },
            "cpu_5": {
                "min": 0.0,
                "max": 100.0,
                "mean": 40.77506297229219,
                "percentile_50": 22.884999999999998,
                "percentile_90": 100.0,
                "percentile_95": 100.0,
                "percentile_97": 100.0,
                "percentile_99": 100.0,
                "percentile_99_9": 100.0
            },
            "cpu_6": {
                "min": 0.0,
                "max": 100.0,
                "mean": 19.22194374475231,
                "percentile_50": 15.0,
                "percentile_90": 39.0,
                "percentile_95": 51.975999999999914,
                "percentile_97": 99.0,
                "percentile_99": 100.0,
                "percentile_99_9": 100.0
            },
            "cpu_7": {
                "min": 0.0,
                "max": 100.0,
                "mean": 18.689911838790934,
                "percentile_50": 15.15,
                "percentile_90": 37.62,
                "percentile_95": 45.45,
                "percentile_97": 53.80220000000008,
                "percentile_99": 100.0,
                "percentile_99_9": 100.0
            },
            "cpu_all": {
                "min": 2.38,
                "max": 41.89,
                "mean": 24.31393786733837,
                "percentile_50": 27.97,
                "percentile_90": 33.21,
                "percentile_95": 34.5895,
                "percentile_97": 35.63,
                "percentile_99": 37.0876,
                "percentile_99_9": 40.485700000000044
            }
        }
    },
    "gpu": {
        "accuracy": {
            "GPU usage (%)": {
                "min": 0.0,
                "max": 100.0,
                "mean": 96.37548103353491,
                "percentile_50": 99.0,
                "percentile_90": 100.0,
                "percentile_95": 100.0,
                "percentile_97": 100.0,
                "percentile_99": 100.0,
                "percentile_99_9": 100.0
            },
            "GPU memory usage (%)": {
                "min": 2.0,
                "max": 26.0,
                "mean": 24.567619571192964,
                "percentile_50": 25.0,
                "percentile_90": 25.0,
                "percentile_95": 25.0,
                "percentile_97": 26.0,
                "percentile_99": 26.0,
                "percentile_99_9": 26.0
            },