{
    "cpu": {
        "accuracy": {
            "cpu_0": {
                "min": 0.0,
                "max": 100.0,
                "mean": 20.848551236749117,
                "percentile_50": 16.0,
                "percentile_90": 39.0,
                "percentile_95": 98.99,
                "percentile_97": 99.01,
                "percentile_99": 100.0,
                "percentile_99_9": 100.0
            },
            "cpu_1": {
                "min": 0.0,
                "max": 100.0,
                "mean": 12.821022016852405,
                "percentile_50": 8.08,
                "percentile_90": 33.0,
                "percentile_95": 39.0,
                "percentile_97": 44.290399999999934,
                "percentile_99": 99.0,
                "percentile_99_9": 100.0
            },
            "cpu_2": {
                "min": 0.0,
                "max": 100.0,
                "mean": 10.670945909214462,
                "percentile_50": 5.0,
                "percentile_90": 30.3,
                "percentile_95": 36.0,
                "percentile_97": 39.14519999999997,
                "percentile_99": 45.641199999999905,
                "percentile_99_9": 98.99322000000001
            },
            "cpu_3": {
                "min": 0.0,
                "max": 100.0,
                "mean": 12.795909214460451,
                "percentile_50": 4.0,
                "percentile_90": 34.0,
                "percentile_95": 42.42,
                "percentile_97": 57.80619999999992,
                "percentile_99": 100.0,
                "percentile_99_9": 100.0
            },
            "cpu_4": {
                "min": 0.0,
                "max": 100.0,
                "mean": 24.230573525414513,
                "percentile_50": 11.0,
                "percentile_90": 99.0,
                "percentile_95": 100.0,
                "percentile_97": 100.0,
                "percentile_99": 100.0,
                "percentile_99_9": 100.0
            },
            "cpu_5": {
                "min": 0.0,
                "max": 100.0,
                "mean": 22.04632508833922,
                "percentile_50": 16.0,
                "percentile_90": 41.87200000000005,
                "percentile_95": 99.0,
                "percentile_97": 100.0,
                "percentile_99": 100.0,
                "percentile_99_9": 100.0
            },
            "cpu_6": {
                "min": 0.0,
                "max": 100.0,
                "mean": 18.515343843435716,
                "percentile_50": 14.0,
                "percentile_90": 38.0,
                "percentile_95": 43.43,
                "percentile_97": 66.10219999999975,
                "percentile_99": 100.0,
                "percentile_99_9": 100.0
            },
            "cpu_7": {
                "min": 0.0,
                "max": 100.0,
                "mean": 31.189051372655616,
                "percentile_50": 24.24,
                "percentile_90": 99.0,
                "percentile_95": 100.0,
                "percentile_97": 100.0,
                "percentile_99": 100.0,
                "percentile_99_9": 100.0
            },
            "cpu_all": {
                "min": 3.02,
                "max": 43.54,
                "mean": 19.16461810274531,
                "percentile_50": 12.64,
                "percentile_90": 31.91,
                "percentile_95": 33.504,
                "percentile_97": 34.5198,
                "percentile_99": 36.4344,
                "percentile_99_9": 41.77762000000012
            }
        },
        "performance": {
            "cpu_0": {
                "min": 0.0,
                "max": 100.0,
                "mean": 26.923902743142147,
                "percentile_50": 15.0,
                "percentile_90": 99.0,
                "percentile_95": 100.0,
                "percentile_97": 100.0,
                "percentile_99": 100.0,
                "percentile_99_9": 100.0
            },
            "cpu_1": {
                "min": 0.0,
                "max": 100.0,
                "mean": 39.81073566084788,
                "percentile_50": 24.24,
                "percentile_90": 100.0,
                "percentile_95": 100.0,
                "percentile_97": 100.0,
                "percentile_99": 100.0,
                "percentile_99_9": 100.0
            },
            "cpu_2": {
                "min": 0.0,
                "max": 100.0,
                "mean": 23.784659185369907,
                "percentile_50": 19.0,
                "percentile_90": 45.45,
                "percentile_95": 99.0,
                "percentile_97": 100.0,
                "percentile_99": 100.0,
                "percentile_99_9": 100.0
            },
            "cpu_3": {
                "min": 0.0,
                "max": 100.0,
                "mean": 18.188865336658356,
                "percentile_50": 16.0,
                "percentile_90": 36.63,
                "percentile_95": 40.955,
                "percentile_97": 44.53349999999999,
                "percentile_99": 53.42299999999983,
                "percentile_99_9": 100.0
            },
            "cpu_4": {
                "min": 0.0,
                "max": 100.0,
                "mean": 22.63663757273483,
                "percentile_50": 17.26,
                "percentile_90": 41.58,
                "percentile_95": 98.99,
                "percentile_97": 99.01,
                "percentile_99": 100.0,
                "percentile_99_9": 100.0
            },
            "cpu_5": {
                "min": 0.0,
                "max": 100.0,
                "mean": 22.773877805486283,
                "percentile_50": 16.0,
                "percentile_90": 44.55,
                "percentile_95": 99.0,
                "percentile_97": 100.0,
                "percentile_99": 100.0,
                "percentile_99_9": 100.0
            },
            "cpu_6": {
                "min": 0.0,
                "max": 100.0,
                "mean": 21.99956774729842,
                "percentile_50": 16.16,
                "percentile_90": 42.93,
                "percentile_95": 99.0,
                "percentile_97": 100.0,
                "percentile_99": 100.0,
                "percentile_99_9": 100.0
            },
            "cpu_7": {
                "min": 0.0,
                "max": 100.0,
                "mean": 17.886354945968414,
                "percentile_50": 15.0,
                "percentile_90": 36.73,
                "percentile_95": 42.965,
                "percentile_97": 48.921999999999954,
                "percentile_99": 99.01,
                "percentile_99_9": 100.0
            },
            "cpu_all": {
                "min": 2.38,
                "max": 43.47,
                "mean": 24.282186201163757,
                "percentile_50": 27.91,
                "percentile_90": 32.91,
                "percentile_95": 34.49,
                "percentile_97": 35.517,
                "percentile_99": 37.47799999999999,
                "percentile_99_9": 40.979350000000444
            }
        }
    },
    "gpu": {
        "accuracy": {
            "GPU usage (%)": {
                "min": 0.0,
                "max": 100.0,
                "mean": 96.51617287306333,
                "percentile_50": 99.0,
                "percentile_90": 100.0,
                "percentile_95": 100.0,
                "percentile_97": 100.0,
                "percentile_99": 100.0,
                "percentile_99_9": 100.0
            },
            "GPU memory usage (%)": {
                "min": 2.0,
                "max": 26.0,
                "mean": 24.552324001087253,
                "percentile_50": 25.0,
                "percentile_90": 25.0,
                "percentile_95": 25.0,
                "percentile_97": 25.0,
                "percentile_99": 25.0,
                "percentile_99_9": 25.0
            },
            "GPU memory used (MiB)": {
                "min": 222.0,
                "max": 3453.0,