{
    "cpu": {
        "accuracy": {
            "cpu_0": {
                "min": 0.0,
                "max": 100.0,
                "mean": 18.687546703296704,
                "percentile_50": 12.12,
                "percentile_90": 38.0,
                "percentile_95": 92.93349999999998,
                "percentile_97": 99.01,
                "percentile_99": 100.0,
                "percentile_99_9": 100.0
            },
            "cpu_1": {
                "min": 0.0,
                "max": 100.0,
                "mean": 15.121656593406595,
                "percentile_50": 9.0,
                "percentile_90": 36.36,
                "percentile_95": 43.0,
                "percentile_97": 98.99,
                "percentile_99": 100.0,
                "percentile_99_9": 100.0
            },
            "cpu_2": {
                "min": 0.0,
                "max": 100.0,
                "mean": 27.671074175824177,
                "percentile_50": 19.19,
                "percentile_90": 99.0,
                "percentile_95": 100.0,
                "percentile_97": 100.0,
                "percentile_99": 100.0,
                "percentile_99_9": 100.0
            },
            "cpu_3": {
                "min": 0.0,
                "max": 100.0,
                "mean": 23.664917582417583,
                "percentile_50": 14.14,
                "percentile_90": 98.02,
                "percentile_95": 99.0,
                "percentile_97": 100.0,
                "percentile_99": 100.0,
                "percentile_99_9": 100.0
            },
            "cpu_4": {
                "min": 0.0,
                "max": 100.0,
                "mean": 14.941832417582416,
                "percentile_50": 12.12,
                "percentile_90": 35.37899999999998,
                "percentile_95": 38.38,
                "percentile_97": 40.55769999999999,
                "percentile_99": 48.29280000000006,
                "percentile_99_9": 99.00361000000001
            },
            "cpu_5": {
                "min": 0.0,
                "max": 100.0,
                "mean": 18.81106318681319,
                "percentile_50": 12.0,
                "percentile_90": 39.038999999999966,
                "percentile_95": 98.9905,
                "percentile_97": 99.01,
                "percentile_99": 100.0,
                "percentile_99_9": 100.0
            },
            "cpu_6": {
                "min": 0.0,
                "max": 100.0,
                "mean": 14.22298901098901,
                "percentile_50": 6.93,
                "percentile_90": 35.29599999999999,
                "percentile_95": 46.022999999999875,
                "percentile_97": 98.99,
                "percentile_99": 100.0,
                "percentile_99_9": 100.0
            },
            "cpu_7": {
                "min": 0.0,
                "max": 100.0,
                "mean": 19.31066208791209,
                "percentile_50": 12.87,
                "percentile_90": 39.0,
                "percentile_95": 98.02,
                "percentile_97": 99.0,
                "percentile_99": 100.0,
                "percentile_99_9": 100.0
            },
            "cpu_all": {
                "min": 2.5,
                "max": 45.53,
                "mean": 19.07677747252747,
                "percentile_50": 12.66,
                "percentile_90": 31.493999999999996,
                "percentile_95": 32.96199999999999,
                "percentile_97": 34.05,
                "percentile_99": 36.56880000000001,
                "percentile_99_9": 40.62859000000007
            }
        },
        "performance": {
            "cpu_0": {
                "min": 0.0,
                "max": 100.0,
                "mean": 30.782743288590602,
                "percentile_50": 20.41,
                "percentile_90": 99.0,
                "percentile_95": 100.0,
                "percentile_97": 100.0,
                "percentile_99": 100.0,
                "percentile_99_9": 100.0
            },
            "cpu_1": {
                "min": 0.0,
                "max": 100.0,
                "mean": 21.98708053691275,
                "percentile_50": 17.17,
                "percentile_90": 40.4,
                "percentile_95": 98.02,
                "percentile_97": 99.0,
                "percentile_99": 100.0,
                "percentile_99_9": 100.0
            },
            "cpu_2": {
                "min": 0.0,
                "max": 100.0,
                "mean": 18.47029781879195,
                "percentile_50": 13.86,
                "percentile_90": 37.37,
                "percentile_95": 46.86799999999995,
                "percentile_97": 99.0,
                "percentile_99": 100.0,
                "percentile_99_9": 100.0
            },
            "cpu_3": {
                "min": 0.0,
                "max": 100.0,
                "mean": 25.649869966442953,
                "percentile_50": 18.37,
                "percentile_90": 54.87700000000052,
                "percentile_95": 99.0,
                "percentile_97": 100.0,
                "percentile_99": 100.0,
                "percentile_99_9": 100.0
            },
            "cpu_4": {
                "min": 0.0,
                "max": 100.0,
                "mean": 29.01265520134228,
                "percentile_50": 19.19,
                "percentile_90": 99.0,
                "percentile_95": 100.0,
                "percentile_97": 100.0,
                "percentile_99": 100.0,
                "percentile_99_9": 100.0
            },
            "cpu_5": {
                "min": 0.0,
                "max": 100.0,
                "mean": 20.89535234899329,
                "percentile_50": 16.16,
                "percentile_90": 39.0,
                "percentile_95": 54.390999999999956,
                "percentile_97": 99.0,
                "percentile_99": 100.0,
                "percentile_99_9": 100.0
            },
            "cpu_6": {
                "min": 0.0,
                "max": 100.0,
                "mean": 16.71660654362416,
                "percentile_50": 14.29,
                "percentile_90": 35.64,
                "percentile_95": 40.4,
                "percentile_97": 44.224399999999896,
                "percentile_99": 59.21910000000002,
                "percentile_99_9": 100.0
            },
            "cpu_7": {
                "min": 0.0,
                "max": 100.0,
                "mean": 28.33462248322148,
                "percentile_50": 15.15,
                "percentile_90": 99.0,
                "percentile_95": 100.0,
                "percentile_97": 100.0,
                "percentile_99": 100.0,
                "percentile_99_9": 100.0
            },
            "cpu_all": {
                "min": 2.62,
                "max": 40.55,
                "mean": 24.009383389261746,
                "percentile_50": 27.64,
                "percentile_90": 32.43800000000001,
                "percentile_95": 33.704,
                "percentile_97": 34.81549999999999,
                "percentile_99": 36.5634,
                "percentile_99_9": 39.00489000000003
            }
        }
    },
    "gpu": {
        "accuracy": {
            "GPU usage (%)": {
                "min": 0.0,
                "max": 100.0,
                "mean": 96.38499587798846,
                "percentile_50": 99.0,
                "percentile_90": 100.0,
                "percentile_95": 100.0,
                "percentile_97": 100.0,
                "percentile_99": 100.0,
                "percentile_99_9": 100.0
            },
            "GPU memory usage (%)": {
                "min": 2.0,
                "max": 26.0,
                "mean": 24.591096455070073,
                "percentile_50": 25.0,
                "percentile_90": 25.0,
                "percentile_95": 26.0,
                "percentile_97": 26.0,
                "percentile_99": 26.0,
                "percentile_99_9": 26.0
            },